id,domain_name,superfamily,description,function,two_components,sig_trans_specific,source,pmid
1,PAS,PAS_Fold,PAS small molecule binding domain,sensor,input,YES,pfam30,"9301332,9382818"
2,PAS_2,PAS_Fold,PAS small molecule binding domain,sensor,input,YES,pfam30,"9301332,9382818"
3,PAS_3,PAS_Fold,PAS small molecule binding domain,sensor,input,YES,pfam30,"9301332,9382818"
4,PAS_4,PAS_Fold,PAS small molecule binding domain,sensor,input,YES,pfam30,"9301332,9382818"
5,PAS_5,PAS_Fold,PAS small molecule binding domain,sensor,input,YES,pfam30,"9301332,9382818"
6,PAS_6,PAS_Fold,PAS small molecule binding domain,sensor,input,YES,pfam30,"9301332,9382818"
7,PAS_7,PAS_Fold,PAS small molecule binding domain,sensor,input,YES,pfam30,"9301332,9382818"
8,PAS_8,PAS_Fold,PAS small molecule binding domain,sensor,input,YES,pfam30,"9301332,9382818"
9,PAS_9,PAS_Fold,PAS small molecule binding domain,sensor,input,YES,pfam30,"9301332,9382818"
10,PAS_10,PAS_Fold,PAS small molecule binding domain,sensor,input,YES,pfam30,"9301332,9382818"
11,PAS_11,PAS_Fold,PAS small molecule binding domain,sensor,input,YES,pfam30,"9301332,9382818"
12,PocR,"No clan, related to PAS, GAF and sCache",hydrocarbon derivatives binding domain,sensor,input,YES,pfam30,"15814558,27049771"
13,GAF,GAF,GAF small molecule binding domain,sensor,input,YES,pfam30,"9433123"
14,GAF_2,GAF,GAF small molecule binding domain,sensor,input,YES,pfam30,"9433123"
15,GAF_3,GAF,GAF small molecule binding domain,sensor,input,YES,pfam30,"9433123"
16,IclR,GAF,GAF-like small molecule binding domain,sensor,input,YES,pfam30,"16472303"
17,PHY,GAF,GAF-like small molecule binding domain,sensor,input,YES,pfam30,"19720999"
18,SpoVT_C,GAF,GAF-like small molecule binding domain,sensor,input,NO,pfam30,""
19,DUF3369,GAF,GAF-like small molecule binding domain,sensor,input,YES,pfam30,"27049771"
20,DUF484,GAF,GAF-like small molecule binding domain,sensor,input,NO,pfam30,"27049771"
21,HrcA,GAF,GAF-like small molecule binding domain,sensor,input,YES,pfam30,"15979091"
22,Autoind_bind,GAF,GAF-like small molecule binding domain,sensor,input,YES,pfam30,"17921255"
23,CodY,GAF,GAF-like small molecule binding domain,sensor,input,YES,pfam30,"16488888"
24,H_kinase_N,"No clan, related to GAF ",GAF-like small molecule binding domain,sensor,input,YES,pfam30,"27049771"
25,CHASE,Cache,double Cache-like small molecule binding domain,sensor,input,YES,pfam30,"11590000,11590001,27049771"
26,dCache_1,Cache,double Cache-like small molecule binding domain,sensor,input,YES,pfam30,"11084361,27049771"
27,dCache_2,Cache,double Cache-like small molecule binding domain,sensor,input,YES,pfam30,"27049771"
28,dCache_3,Cache,double Cache-like small molecule binding domain,sensor,input,YES,pfam30,"27049771"
29,Cache_3-Cache_2,Cache,double Cache-like small molecule binding domain,sensor,input,YES,pfam30,"27049771"
30,LuxQ-periplasm,Cache,double Cache-like small molecule binding domain,sensor,input,YES,pfam30,"27049771"
31,CHASE7,Cache,double Cache-like small molecule binding domain,sensor,input,YES,pfam30,""
32,GAPES1,Cache,double Cache-like small molecule binding domain,sensor,input,YES,pfam30,""
33,sCache2,Cache,single Cache-like small molecule binding domain,sensor,input,YES,pfam30,"27049771"
34,sCache3_1,Cache,single Cache-like small molecule binding domain,sensor,input,YES,pfam30,"27049771"
35,sCache3_2,Cache,single Cache-like small molecule binding domain,sensor,input,YES,pfam30,"27049771"
36,sCache3_3,Cache,single Cache-like small molecule binding domain,sensor,input,YES,pfam30,"27049771"
37,sCache-like,Cache,single Cache-like small molecule binding domain,sensor,input,YES,pfam30,""
38,Ykul_C,Cache,single Cache-like small molecule binding domain,sensor,input,YES,pfam30,"27049771"
39,CHASE4,Cache,single Cache-like small molecule binding domain,sensor,input,YES,pfam30,"12486065,27049771"
40,CHASE8,Cache,single Cache-like small molecule binding domain,sensor,input,YES,pfam30,""
41,Stimulus_sens_1,Cache,single Cache-like small molecule binding domain,sensor,input,YES,pfam30,"27049771"
42,DUF2222,Cache,single Cache-like small molecule binding domain,sensor,input,YES,pfam30,"27049771"
43,SMP_2,Cache,single Cache-like small molecule binding domain,sensor,input,YES,pfam30,"27049771"
44,2CSK_N,Cache,single Cache-like small molecule binding domain,sensor,input,YES,pfam30,"27049771"
45,PhoQ_sensor,Cache,single Cache-like small molecule binding domain,sensor,input,YES,pfam30,"27049771"
46,CpxA_peri,"No clan, related to sCache",single Cache-like small molecule binding domain,sensor,input,YES,pfam30,"22760860"
47,Diacid_rec,"No clan, related to GAF and sCache",carbohydrate binding domain,sensor,input,YES,pfam30,"27049771"
48,LapD_MoxY_N,"No clan, related to sCache",putative ligand-binding domain,sensor,input,YES,pfam30,"21304926"
49,CHASE5,"No clan, related to sCache",putative ligand-binding domain,sensor,input,YES,pfam30,"12486065"
50,GAPES3,"No clan, related to sCache",putative ligand-binding domain,sensor,input,YES,pfam30,""
51,4HB_MCP,4HB_MCP,"single four-helix bundle, small-molecule binding domain",sensor,input,YES,agfam,"16306392"
52,4HB_MCP_1,4HB_MCP,"single four-helix bundle, small-molecule binding domain",sensor,input,YES,pfam30,"16306392"
53,CHASE3,4HB_MCP,"single four-helix bundle, small-molecule binding domain",sensor,input,YES,pfam30,"12486065"
54,PilJ,"No clan, related to 4HB_MCP","single four-helix bundle, small-molecule binding domain",sensor,input,YES,pfam30,""
55,HBM,4HB_MCP,"double four-helix bundle, bimodular, small molecule binding domain",sensor,input,YES,pfam30,"24347303"
56,NIT,"No clan, related to 4HB_MCP","double four-helix bundle, nitrate and nitrite sensing domain",sensor,input,YES,pfam30,"12633990"
57,KinB_sensor,"No clan, related to 4HB_MCP","single four-helix bundle, small-molecule binding domain",sensor,input,YES,pfam30,"24573685"
58,Peripla_BP_2,HBMR,small molecule binding domain,sensor,input,NO,pfam30,""
59,Peripla_BP_1,Peripla_BP,small molecule binding domain,sensor,input,NO,pfam30,""
60,Peripla_BP_3,Peripla_BP,small molecule binding domain,sensor,input,YES,pfam30,"7973627"
61,Peripla_BP_4,Peripla_BP,small molecule binding domain,sensor,input,NO,pfam30,""
62,Peripla_BP_5,Peripla_BP,small molecule binding domain,sensor,input,NO,pfam30,""
63,Peripla_BP_6,Peripla_BP,small molecule binding domain,sensor,input,NO,pfam30,""
64,ABC_sub_bind,Peripla_BP,small molecule binding domain,sensor,input,NO,pfam30,""
65,LysR_substrate,PBP,small molecule binding domain,sensor,input,YES,pfam30,"9309218"
66,PBP_like,PBP,small molecule binding domain,sensor,input,NO,pfam30,""
67,Phosphonate-bd,PBP,alkylphosphonate binding domain,sensor,input,NO,pfam30,""
68,SBP_bac_3,PBP,small molecule binding domain,sensor,input,NO,pfam30,"8336670"
69,SBP_bac_5,PBP,small molecule binding domain,sensor,input,NO,pfam30,"8336670"
70,SBP_bac_8,PBP,small molecule binding domain,sensor,input,NO,pfam30,"8336670"
71,SBP_bac_11,PBP,small molecule binding domain,sensor,input,NO,pfam30,"8336670"
72,YhfZ_C,PBP,small molecule binding domain,sensor,input,NO,pfam30,""
73,BLUF,No clan,FAD-binding domain,sensor,input,NO,pfam30,"12368079"
74,HNOB,HNOX-like,heme-NO-binding domain,sensor,input,YES,pfam30,"12590654"
75,V4R,HNOX-like,small molecule binding domain,sensor,input,NO,pfam30,"11292341"
76,XylR_N,HNOX-like,small molecule (likely aromatic) binding domain,sensor,input,YES,pfam30,""
77,SKI,P-loop_NTPase,Shikimate kinase enzymatic domain,sensor,input,NO,pfam30,""
78,CbiA,P-loop_NTPase,Coburinic acid diamide synthase enzymatic domain,sensor,input,NO,pfam30,""
79,MEDS,P-loop_NTPase,hydrocarbon derivatives binding domain,sensor,input,YES,pfam30,"15814558"
80,CbiC,No clan,precorrin-8x methylmutase domain,sensor,input,NO,pfam30,""
81,Sugar-bind,ISOCOT_Fold,putative sugar-binding domain,sensor,input,NO,pfam30,""
82,HNOBA,No clan,heme-NO-binding associated domain,sensor,input,YES,pfam30,"18006497"
83,Hemerythrin,No clan,hemerythrin HHE cation binding domain,sensor,input,NO,pfam30,""
84,Aminotran_1_2,PLP_aminotran,"aminotransferase enzymatic, ligand-binding domain",sensor,input,NO,pfam30,""
85,Aminotran_5,PLP_aminotran,"aminotransferase enzymatic, ligand-binding domain",sensor,input,NO,pfam30,""
86,Acetyltransf_1,Acetyltrans,acetyltransferase catalytic domain,sensor,input,NO,pfam30,""
87,Acetyltransf_4,Acetyltrans,acetyltransferase catalytic domain,sensor,input,NO,pfam30,""
88,Acetyltransf_7,Acetyltrans,acetyltransferase catalytic domain,sensor,input,NO,pfam30,""
89,Acetyltransf_10,Acetyltrans,acetyltransferase catalytic domain,sensor,input,NO,pfam30,""
90,Ammonium_transp,No clan,"ammonium transporter, ligand-binding domain",sensor,input,NO,pfam30,""
91,HEM4,No clan,Uroporphyrinogen III synthase enzymatic ligand-binding domain,sensor,input,NO,pfam30,""
92,4HBT,HotDog,thiodiesterase catalytic domain,sensor,input,NO,pfam30,""
93,MaoC_dehydratas,HotDog,putative enoyl-CoA hydratase catalytic domain,sensor,input,NO,pfam30,""
94,SnoaL_3,NTF2,polyketide cyclase-like domain,sensor,input,NO,pfam30,""
95,PfkB,Ribokinase,carbohydrate and pyrimidine kinase enzymatic domain,sensor,input,NO,pfam30,""
96,Ada_Zn_binding,No clan,Ada metal-binding domain,sensor,input,NO,pfam30,""
97,DZR,Zn_Beta_Ribbon,"zinc ribbon DNA, protein or other molecule binding domain",sensor,input,NO,pfam30,""
98,AlkA_N,TBP-like,AlkA N-terminal domain,sensor,input,NO,pfam30,""
99,AsnC_trans_reg,Dim_A_B_barrel,Lrp/AsnC ligand-binding domain,sensor,input,YES,pfam30,"17962306"
100,B12-binding,B12-binding,Cobalamin binding domain,sensor,input,NO,pfam30,""
101,B12-binding_2,No clan,Cobalamin binding domain,sensor,input,NO,pfam30,""
102,FHA,SMAD-FHA,Forkhead-associated phosphopeptide-binding domain,sensor,input,NO,pfam30,"7482699,11911881"
103,Yop-YscD_cpl,SMAD-FHA,Forkhead-associated phosphopeptide-binding domain,sensor,input,NO,pfam30,""
104,FIST,No clan,small molecule binding domain,sensor,input,YES,pfam30,"17855421"
105,FIST_C,No clan,small molecule binding domain,sensor,input,YES,pfam30,"17855421"
106,FeoA,TrB,Metal-binding domain,sensor,input,NO,pfam30,""
107,TusA,TusA-like,sulfurtransferase enzymatic ligand binding domain,sensor,input,NO,pfam30,""
108,Fic,No clan,small molecule binding domain,sensor,input,NO,pfam30,""
109,CBS,No clan,small molecule binding domain,sensor,input,NO,pfam30,"9020585"
110,SIS,SIS,phosphosugar binding domain,sensor,input,NO,pfam30,"10203754"
111,Protoglobin,Globin,heme-containing oxygen-sensing domain,sensor,input,NO,pfam30,""
112,CZB,No clan,zinc-binding domain,sensor,input,YES,pfam30,"21725005"
113,TOBE,OB,Inorganic molecule-binding domain,sensor,input,NO,pfam30,""
114,cNMP_binding,No clan,"Cyclic nucleotide-binding (sensory, input) domain",sensor,input,NO,pfam30,""
115,CHASE2,No clan,unknown,sensor,input,YES,pfam30,"12486065"
116,MASE1,No clan,unknown,sensor,input,YES,pfam30,"12673057"
117,MASE2,No clan,unknown,sensor,input,YES,pfam30,"12673057"
118,MHYT,No clan,unknown,sensor,input,YES,pfam30,"11728710"
119,CSS-motif,No clan,unknown,sensor,input,NO,pfam30,""
120,7TMR-DISMED2,No clan,putative carbohydrate-binding domain,sensor,input,YES,pfam30,"12914674"
121,7TMR-DISM_7TM,No clan,7TM diverse signaling domain,sensor,input,YES,pfam30,"12914674"
122,7TMR-HDED,No clan,putative ligand-binding domain,sensor,input,YES,pfam30,"12914674"
123,7TMR-7TMR_HD,GPCR_A,7TM sensory domain,sensor,input,YES,pfam30,"12914674"
124,5TM-5TMR_LYT,Gx_transp,5TM sensory domain,sensor,input,YES,pfam30,"12914674"
125,TrkA_C,TrkA_C,ligand-binding domain,sensor,input,NO,pfam30,"11292341"
126,AraC_binding,Cupin,AraC-like ligand-binding domain,sensor,input,NO,pfam30,""
127,AraC_binding_2,Cupin,AraC-like ligand-binding domain,sensor,input,NO,pfam30,""
128,AraC_N,Cupin,AraC-like ligand-binding domain,sensor,input,NO,pfam30,""
129,Cupin_2,Cupin,enzymatic ligand-binding domain,sensor,input,NO,pfam30,""
130,Cupin_6,Cupin,enzymatic ligand-binding domain,sensor,input,YES,pfam30,""
131,NikR_C,ACT,nickel binding domain,sensor,input,NO,pfam30,""
132,ACT_4,ACT,putative amino acid binding protein,sensor,input,NO,pfam30,""
133,DeoRC,ISOCOT_Fold,sugar derivative binding domain,sensor,input,YES,pfam30,"16376935"
134,Arabinose_bd,No clan,arabinose-binding domain,sensor,input,YES,pfam30,"27119725"
135,Arg_repressor_C,No clan,arginine binding domain,sensor,input,NO,pfam30,""
136,Fe_dep_repr_C,HTH,iron binding domain,sensor,input,NO,pfam30,""
137,GyrI-like,SHS2,small molecule binding domain,sensor,input,NO,pfam30,"15281131"
138,Cass2,SHS2,small molecule binding domain,sensor,input,NO,pfam30,""
139,FCD,FadR-C,ligand-binding domain,sensor,input,YES,pfam30,"11013219"
140,FadR_C,FadR-C,fatty acid binding domain,sensor,input,YES,pfam30,"11013219"
141,Regulator_TrmB,PLD,sugar-binding domain,sensor,input,NO,pfam30,""
142,PrpR_N,No clan,putative propionate binding domain,sensor,input,YES,pfam30,""
143,PmoA,No clan,putative mehane oxygenase domain,sensor,input,NO,pfam30,""
144,UTRA,UTRA,small molecule binding domain,sensor,input,YES,pfam30,"12757941"
145,ROK,Actin_ATPase,putative sugar-binding domain,sensor,input,NO,pfam30,""
146,Glucokinase,Actin_ATPase,putative sugar-binding domain,sensor,input,NO,pfam30,""
147,SCP2,SCP2,sterol carrier domain,sensor,input,NO,pfam30,""
148,Alkyl_sulf_C,SCP2,"alkyl sulfatase non-catalytic, hydrophobic substrate binding domain",sensor,input,NO,pfam30,""
149,WYL,No clan,ligand-binding domain,sensor,input,YES,pfam30,"24817877"
150,Arc_trans_TRASH,TRASH,metal-sensing domain,sensor,input,NO,pfam30,""
151,BPL_LplA_LipB,tRNA_synt_II,cofactor transferase ligand binding domain,sensor,input,NO,pfam30,""
152,PhoU,PhoU,phosphate binding domain,sensor,input,NO,pfam30,""
153,AhpC-TSA,Thioredoxin,alkyl hydroperoxide reductase-like domain,sensor,input,NO,pfam30,""
154,Redoxin,Thioredoxin,thioredoxin-like domain,sensor,input,NO,pfam30,""
155,ThiP_synth,No clan,thiamine-phosphate synthase domain,sensor,input,NO,pfam30,""
156,3H,No clan,ligand-binding domain,sensor,input,NO,pfam30,""
157,DJ-1_PfpI,Glutaminase_I,glutaminase/protease catalytic domain,sensor,input,NO,pfam30,""
158,PTS_EIIA_2,Ptase-anion_tr,PEP-dependent sugar phosphotransferase domain,sensor,input,NO,pfam30,""
159,PTS_IIB,No clan,PTS system lactose/cellobiose specific IIB subunit domain,sensor,input,NO,pfam30,""
160,RNB,No clan,Ribonuclease catalytic domain,sensor,input,NO,pfam30,""
161,MerB,No clan,alkylmercury lyase catalytic domain,sensor,input,NO,pfam30,""
162,PfkB,Ribokinase,carbohydrate kinase domain,sensor,input,NO,pfam30,""
163,Citrate_synt,No clan,citrate synthase catalytic domain,sensor,input,NO,pfam30,""
164,EPSP_synthase,EPT_RTPC,enolpyruvateshikimate-3-phosphate synthase domain,sensor,input,NO,pfam30,""
165,PEP_hydrolase,PK_TIM,phosphoenolpyruvate hydrolase-like domain,sensor,input,NO,pfam30,""
166,NTP_transf_3,GT-A,NTP transferase catalytic domain,sensor,input,NO,pfam30,""
167,NTP_transferase,GT-A,NTP transferase catalytic domain,sensor,input,NO,pfam30,""
168,NTP_transf_2,GT-A,NTP transferase catalytic domain,sensor,input,NO,pfam30,""
169,Choline_kinase,Pkinase,cholie/ethanolamine kinase domain,sensor,input,NO,pfam30,""
170,TipAS,No clan,antibiotic-recognition domain,sensor,input,NO,pfam30,",12682015"
171,NosL,No clan,putative copper binding domain,sensor,input,NO,pfam30,""
172,ParBc,ParBc,ParB-like nuclease domain,sensor,input,NO,pfam30,""
173,Fic_N,No clan,ligand-binding domain,sensor,input,NO,pfam30,""
174,Fic,No clan,ligand-binding domain,sensor,input,NO,pfam30,""
175,RsbRD_N,No clan,putative ligand-binding domain,sensor,input,NO,pfam30,""
176,SGL,Beta_propeller,gluconolaconase-like domain,sensor,input,NO,pfam30,""
177,PD40,Beta_propeller,WD40-like beta propeller repeat,sensor,input,NO,pfam30,""
178,SinI,No clan,unknown,sensor,input,NO,pfam30,""
179,2TM,No clan,unknown,sensor,input,NO,pfam30,""
180,Peptidase_M23,Hybrid,"Metallopeptidase enzymatic, ligand-binding domain",sensor,input,NO,pfam30,""
181,Peptidase_S24,Peptidase_SF,unknown,sensor,input,NO,pfam30,""
182,DUF955,Peptidase_MA,unknown,sensor,input,NO,pfam30,""
183,Pep_deformylase,No clan,polypeptide deformylase domain,sensor,input,NO,pfam30,""
184,PilZ,No clan,c-di-GMP-binding domain,sensor,input,NO,pfam30,"16249258"
185,Pribosyltran,PRTase-like,phosphorybosyl transferase domain,sensor,input,NO,pfam30,""
186,Rhodanese,No clan,Cysteine/sulfate binding domain,sensor,input,NO,pfam30,""
187,NUDIX,NUDIX,phosphohydrolase domain,sensor,input,NO,pfam30,""
188,LMWPc,No clan,protein tyrosine phosphatase domain,sensor,input,NO,pfam30,""
189,CoA_binding,NADP_Rossmann,CoA synthetase-like domain,sensor,input,NO,pfam30,""
190,DNA_methylase,NADP_Rossmann,DNA methylase catalytic domain,sensor,input,NO,pfam30,""
191,Methyltransf_23,NADP_Rossmann,methyltransferase catalytic domain,sensor,input,NO,pfam30,""
192,Methyltransf_11,NADP_Rossmann,methyltransferase catalytic domain,sensor,input,NO,pfam30,""
193,Methyltransf_25,NADP_Rossmann,methyltransferase catalytic domain,sensor,input,NO,pfam30,""
194,Methyltransf_31,NADP_Rossmann,methyltransferase catalytic domain,sensor,input,NO,pfam30,""
195,Methyltransf_14,No clan,methyltransferase catalytic domain,sensor,input,NO,pfam30,""
196,CTP-dep_RFKase,No clan,riboflavin kinase catalytic domain,sensor,input,NO,pfam30,""
197,Pyridox_ox_2,FMN-binding,pyridoxamine 5'-phosphate oxidase catalytic domain,sensor,input,NO,pfam30,""
198,FlpD,No clan,methyl-viologen-reducing hydrogenase catalytic domain,sensor,input,NO,pfam30,""
199,Y_Y_Y,E-set,ligand-binding domain,sensor,input,YES,pfam30,"22532667"
200,PaaX_C,No clan,putative phenylacetate binding domain,sensor,input,NO,pfam30,""
201,Thiamine_BP,MTH1187-YkoF,putative thiamine binding domain,sensor,input,NO,pfam30,""
202,PG_binding_1,PGBD,putative peptidoglycan binding domain,sensor,input,NO,pfam30,""
203,GrpE,No clan,nucleotide binding domain,sensor,input,NO,pfam30,""
204,WhiA_N,Homing_endonuc,endonuclease-like domain,sensor,input,NO,pfam30,""
205,LAGLIDADG_WhiA,Homing_endonuc,endonuclease-like domain,sensor,input,NO,pfam30,""
206,PucR,No clan,putative purine binding domain,sensor,input,YES,pfam30,""
207,TetR_C,TetR_C,inducer-binding domain,sensor,input,YES,pfam30,"8153629"
208,TetR_C_2,TetR_C,inducer-binding domain,sensor,input,YES,pfam30,""
209,TetR_C_3,TetR_C,inducer-binding domain,sensor,input,YES,pfam30,""
210,TetR_C_4,TetR_C,inducer-binding domain,sensor,input,YES,pfam30,""
211,TetR_C_5,TetR_C,inducer-binding domain,sensor,input,YES,pfam30,""
212,TetR_C_6,TetR_C,inducer-binding domain,sensor,input,YES,pfam30,""
213,TetR_C_7,TetR_C,inducer-binding domain,sensor,input,YES,pfam30,""
214,TetR_C_8,TetR_C,inducer-binding domain,sensor,input,YES,pfam30,""
215,TetR_C_9,TetR_C,inducer-binding domain,sensor,input,YES,pfam30,""
216,TetR_C_10,TetR_C,inducer-binding domain,sensor,input,YES,pfam30,""
217,TetR_C_11,TetR_C,inducer-binding domain,sensor,input,YES,pfam30,""
218,TetR_C_12,TetR_C,inducer-binding domain,sensor,input,YES,pfam30,""
219,TetR_C_13,TetR_C,inducer-binding domain,sensor,input,YES,pfam30,""
220,WHG,TetR_C,inducer-binding domain,sensor,input,YES,pfam30,""
221,DUF1956,TetR_C,putative inducer-binding domain,sensor,input,YES,pfam30,""
222,AHSA1,Bet_V_1_like,unknown,sensor,input,NO,pfam30,""
223,PEGA,Transthyretin,unknown,sensor,input,NO,pfam30,""
224,Virul_fac_BkrB,No clan,unknown,sensor,input,NO,pfam30,""
225,Uma2,PDDEXK,unknown,sensor,input,NO,pfam30,""
226,DUF128,No clan,ligand-binding domain,sensor,input,YES,pfam30,""
227,DUF234,PDDEXK,unknown,sensor,input,NO,pfam30,""
228,DUF1232,No clan,unknown,sensor,input,NO,pfam30,""
229,DUF1612,No clan,ligand-binding domain,sensor,input,YES,pfam30,""
230,DUF1724,No clan,putative ligand-binding domain,sensor,input,YES,pfam30,""
231,DUF2083,No clan,ligand-binding domain,sensor,input,YES,pfam30,""
232,DUF2087,No clan,ligand-binding domain,sensor,input,YES,pfam30,""
233,DUF2442,No clan,putative ligand-binding domain,sensor,input,NO,pfam30,""
234,DUF2637,No clan,unknown,sensor,input,NO,pfam30,""
235,DUF2690,No clan,unknown,sensor,input,NO,pfam30,""
236,DUF3612,No clan,ligand-binding domain,sensor,input,YES,pfam30,""
237,DUF4115,No clan,unknown,sensor,input,NO,pfam30,""
238,DUF4870,No caln,putative orotate phosphoribosyltransferase domain,sensor,input,NO,pfam30,""
239,FeS,4Fe-4S,Fe-S cluster domain,sensor,input,NO,pfam30,""
240,Fer4,4Fe-4S,4Fe-4S binding domain,sensor,input,NO,pfam30,""
241,Fer4_12,4Fe-4S,4Fe-4S single cluster domain,sensor,input,NO,pfam30,""
242,Sensor_TM1,No clan,putative small ligand binding domain,sensor,input,YES,pfam30,""
243,RisS_PPD,No clan,putative small ligand binding domain,sensor,input,YES,pfam30,""
244,DUF3365,No clan,putative small ligand binding domain,sensor,input,YES,pfam30,""
245,HK_sensor,No clan,putative small ligand binding domain,sensor,input,YES,pfam30,""
246,STAS,STAS,NTP-binding domain,sensor,input,NO,pfam30,"10662676"
247,STAS_2,STAS,NTP-binding domain,sensor,input,NO,pfam30,"10662676"
248,DUF4173,Cache,unknown ,putative sensor,,NO,pfam30,""
249,DUF4118,No clan,putative small ligand binding domain,sensor,input,YES,pfam30,""
250,KdpD,P-loop_NTPase,monovalent cation sensor,sensor,input,YES,pfam30,""
251,Usp,HUP,unknown,sensor,input,YES,pfam30,""
252,Reg_prop,Beta_propeller,putative disaccharide binding domain,sensor,input,YES,pfam30,""
253,DUF3329,No clan,putative small ligand binding domain,sensor,input,YES,pfam30,""
254,DICT,No clan,"putative small ligand binding domain, bi-partite together with CHASE6_C",sensor,input,YES,pfam30,""
255,CHASE6_C,No clan,"putative small ligand binding domain, bi-partite together with DICT",sensor,input,YES,pfam30,"12486065"
256,RsbRD_N,No clan,putative small ligand binding domain,sensor,input,YES,pfam30,""
257,HisKA_7TM,No clan,7TM putative sensory domain,sensor,input,YES,pfam30,""
258,HisK_N,"No clan, globin-related",putative small ligand binding domain,sensor,input,YES,pfam30,""
259,DUF3404,No clan,putative small ligand binding domain,sensor,input,YES,pfam30,""
260,AA_permease_2,APC,permease ligand binding domain,sensor,input,NO,pfam30,""
261,MASE4,No clan,integral membrane domain,sensor,input,YES,pfam30,""
262,MASE3,No clan,integral membrane domain,sensor,input,YES,pfam30,""
263,SnoaL_3,NTF2,putative small ligand binding domain,sensor,input,NO,pfam30,""
264,SSF,APC,sodium solute symporter domain,sensor,input,NO,pfam30,""
265,Bac_rhodopsin,GPCR_A,rhodopsin light sensory domain,sensor,input,NO,pfam30,""
266,RsbU_N,No clan,putative small ligand binding domain,sensor,input,YES,pfam30,""
267,NMT1,PBP,small molecule binding domain,sensor,input,NO,pfam30,""
268,DUF1638,No clan,unknown,sensor,input,NO,pfam30,""
269,DUF4154,No clan,unknown,sensor,input,NO,pfam30,""
270,Sensor,No clan,unknown,sensor,input,YES,pfam30,""
271,DegS,No clan,unknown,sensor,input,YES,pfam30,""
272,Sigma54_activat,P-loop_NTPase,Sigma-54 interaction domain,enhancer,,YES,pfam30,"12618438"
273,AAA_16,P-loop_NTPase,AAA+ domain,sensor or enhancer,,NO,pfam30,""
274,AAA_22,P-loop_NTPase,AAA+ domain,sensor or enhancer,,NO,pfam30,""
275,AAA_25,P-loop_NTPase,AAA+ domain,sensor or enhancer,,NO,pfam30,""
276,AAA_28,P-loop_NTPase,AAA+ domain,sensor or enhancer,,NO,pfam30,""
277,AAA_31,P-loop_NTPase,AAA+ domain,sensor or enhancer,,NO,pfam30,""
278,NB-ARC,P-loop_NTPase,domain of unknown signaling role,sensor or enhancer,,NO,pfam30,"9545207"
279,NACHT,P-loop_NTPase,AAA+ domain,sensor or enhancer,,NO,pfam30,"10782090"
280,ATPase_2,P-loop_NTPase,ATP-binding domain,sensor or enhancer,,NO,pfam30,"9045616"
281,ABC_tran,P-loop_NTPase,ATP-binding domain,sensor or enhancer,,NO,pfam30,""
282,Bat,No clan,GAF and HTH associated domain,sensor or enhancer,,YES,pfam30,""
283,BTAD,TPR,"TPR-containing regulatory domain, protein-protein interactions",sensor or enhancer,,YES,pfam30,"12625841"
284,HEAT_2,TPR,"TPR-containing regulatory domain, protein-protein interactions",sensor or enhancer,,NO,pfam30,""
285,TPR_7,TPR,"TPR-containing regulatory domain, protein-protein interactions",sensor or enhancer,,NO,pfam30,""
286,TPR_8,TPR,"TPR-containing regulatory domain, protein-protein interactions",sensor or enhancer,,NO,pfam30,""
287,TPR_10,TPR,"TPR-containing regulatory domain, protein-protein interactions",sensor or enhancer,,NO,pfam30,""
288,TPR_12,TPR,"TPR-containing regulatory domain, protein-protein interactions",sensor or enhancer,,NO,pfam30,""
289,TPR_16,TPR,"TPR-containing regulatory domain, protein-protein interactions",sensor or enhancer,,NO,pfam30,""
290,SPOB_a,No clan,histidine kinase dimerization domain,transmitter,,YES,pfam30,""
291,HisKA,His_Kinase_A,histidine kinase dimerization domain,transmitter,,YES,pfam30,""
292,HisKA_2,His_Kinase_A,histidine kinase dimerization domain,transmitter,,YES,pfam30,""
293,HisKA_3,His_Kinase_A,histidine kinase dimerization domain,transmitter,,YES,pfam30,""
294,H-kinase_dim,His_Kinase_A,"histidine kinase dimerization (P3) domain, CheA-specific",transmitter,,YES,pfam30,""
295,HATPase_c,His_Kinase_A,histidine kinase catalytic domain,transmitter,,NO,pfam30,"10637609"
296,HATPase_c2,His_Kinase_A,"anti-sigma regulatory factor, monomeric histidine kinase domain",transmitter,,NO,pfam30,""
297,HATPase_c5,His_Kinase_A,histidine kinase catalytic domain,transmitter,,YES,pfam30,"10637609"
298,HWE_HK,His_Kinase_A,histidine kinase catalytic domain,transmitter,,YES,pfam30,""
299,HK_CA:Che,,"histidine kinase catalytic domain, CheA-specific",transmitter,,YES,agfam,"19900966,,Needs class-specific HMMs"
300,HK_CA,,histidine kinase catalytic domain,transmitter,,YES,agfam,"19900966"
301,HK_CA:1,,histidine kinase catalytic domain,transmitter,,YES,agfam,"19900966"
302,HK_CA:2,,histidine kinase catalytic domain,transmitter,,YES,agfam,"19900966"
303,HK_CA:3,,histidine kinase catalytic domain,transmitter,,YES,agfam,"19900966"
304,HK_CA:5,,histidine kinase catalytic domain,transmitter,,YES,agfam,"19900966"
305,HK_CA:6,,histidine kinase catalytic domain,transmitter,,YES,agfam,"19900966"
306,HK_CA:7,,histidine kinase catalytic domain,transmitter,,YES,agfam,"19900966"
307,HK_CA:8,,histidine kinase catalytic domain,transmitter,,YES,agfam,"19900966"
308,HK_CA:9,,histidine kinase catalytic domain,transmitter,,YES,agfam,"19900966"
309,HK_CA:10,,histidine kinase catalytic domain,transmitter,,YES,agfam,"19900966"
310,HK_CA:11,,histidine kinase catalytic domain,transmitter,,YES,agfam,"19900966"
311,HK_CA:12,,histidine kinase catalytic domain,transmitter,,YES,agfam,"19900966"
312,HK_CA:13,,histidine kinase catalytic domain,transmitter,,YES,agfam,"19900966"
313,HK_CA:14,,histidine kinase catalytic domain,transmitter,,YES,agfam,"19900966"
314,HK_CA:15,,histidine kinase catalytic domain,transmitter,,YES,agfam,"19900966"
315,HK_CA:16,,histidine kinase catalytic domain,transmitter,,YES,agfam,"19900966"
316,HK_CA:17,,histidine kinase catalytic domain,transmitter,,YES,agfam,"19900966"
317,HK_CA:18,,histidine kinase catalytic domain,transmitter,,YES,agfam,"19900966"
318,HK_CA:19,,histidine kinase catalytic domain,transmitter,,YES,agfam,"19900966"
319,HK_CA:20,,histidine kinase catalytic domain,transmitter,,YES,agfam,"19900966"
320,HK_CA:21,,histidine kinase catalytic domain,transmitter,,YES,agfam,"19900966"
321,HK_CA:22,,histidine kinase catalytic domain,transmitter,,YES,agfam,"19900966"
322,HK_CA:23,,histidine kinase catalytic domain,transmitter,,YES,agfam,"19900966"
323,Hpt,No clan,histidine-containing phosphotransfer domain,transmitter,,YES,pfam30,""
324,P2,No clan,"CheY-binding (P2) domain, CheA-specific",transmitter,,YES,pfam30,"15289606"
325,CheY-binding,No clan,"CheY-binding (P2) domain, CheA-specific",transmitter,,YES,pfam30,"15289606"
326,CheW,No clan,"adaptor, scaffolding domain, chemotaxis-specific",adaptor,,YES,pfam30,""
327,HAMP,No clan,signal amplifier/transmitter in transmembrane sensors,transmembrane signal enhancer,,YES,pfam30,"10418137"
328,MCPsignal,No clan,chemoreceptor signaling domain,transmitter,,YES,pfam30,"17299051,Needs class-specific HMMs"
329,CheB_methylest,No clan,"chemotaxis methylesterase, enzymatic domain",receptor modifying enzyme,,YES,pfam30,"9465023"
330,CheR,NADP_Rossmann,"chemotaxis methyltransferase, enzymatic domain",receptor modifying enzyme,,YES,pfam30,"9628482"
331,CheR_N,No clan,"chemotaxis methyltransferase, N-terminal domain",receptor modifying enzyme,,YES,pfam30,""
332,CheD,No clan,"chemotaxis glutamine deamidase, enzymatic domain",receptor modifying enzyme,,YES,pfam30,"16469702"
333,CheC,CheC-like,chemotaxis phosphatase CheC enzymatic domain,kinase modifying enzyme,,YES,pfam30,"15546616"
334,CheX,CheC-like,chemotaxis phosphatase CheX enzymatic domain,kinase modifying enzyme,,YES,pfam30,"15546616"
335,CheZ,No clan,chemotaxis phosphatase CheZ enzymatic domain,kinase modifying enzyme,,YES,pfam30,"12080332"
336,PRD,PRD,phosphorylatable regulatory domain,sensor,input,YES,pfam30,"11751049"
337,PRD_Mga,PRD,phosphorylatable regulatory domain,sensor,input,YES,pfam30,"11751049"
338,RR,,response regulator receiver domain,receiver,,YES,agfam,"19900966"
339,Response_reg,CheY,response regulator receiver domain,receiver,,YES,pfam30,""
340,FleQ,CheY,response regulator receiver domain,receiver,,YES,pfam30,""
341,Arc,Met_repress,"DNA-binding, ribbon-helix-helix binding motif",transcriptional regulator,output,YES,pfam30,"8107872"
342,MetJ,Met_repress,"DNA-binding, ribbon-helix-helix binding motif",transcriptional regulator,output,YES,pfam30,"8092669"
343,Omega_Repress,Met_repress,"DNA-binding, ribbon-helix-helix binding motif",transcriptional regulator,output,YES,pfam30,"11733997"
344,PSK_trans_fac,Met_repress,"DNA-binding, ribbon-helix-helix binding motif",transcriptional regulator,output,YES,pfam30,"26150422"
345,RHH_1,Met_repress,"DNA-binding, ribbon-helix-helix binding motif",transcriptional regulator,output,YES,pfam30,"9857196"
346,RHH_3,Met_repress,"DNA-binding, ribbon-helix-helix binding motif",transcriptional regulator,output,YES,pfam30,""
347,RHH_4,Met_repress,"DNA-binding, ribbon-helix-helix binding motif",transcriptional regulator,output,YES,pfam30,""
348,RHH_7,Met_repress,"DNA-binding, ribbon-helix-helix binding motif",transcriptional regulator,output,YES,pfam30,"18623065"
349,AphA_like,HTH,"DNA-binding, helix-turn-helix domain",transcriptional regulator,output,YES,pfam30,"10331868"
350,Arg_repressor,HTH,"DNA-binding, helix-turn-helix domain",transcriptional regulator,output,YES,pfam30,""
351,BetR,HTH,"DNA-binding, helix-turn-helix domain",transcriptional regulator,output,YES,pfam30,""
352,Cro,HTH,"DNA-binding, helix-turn-helix domain",transcriptional regulator,output,YES,pfam30,"9653036"
353,Crp,HTH,"DNA-binding, helix-turn-helix domain",transcriptional regulator,output,YES,pfam30,"1653449"
354,FaeA,HTH,"DNA-binding, helix-turn-helix domain",transcriptional regulator,output,YES,pfam30,"20979070"
355,Fe_dep_repress,HTH,"DNA-binding, helix-turn-helix domain",transcriptional regulator,output,YES,pfam30,"8823163"
356,FeoC,HTH,"DNA-binding, helix-turn-helix domain",transcriptional regulator,output,YES,pfam30,"22580893"
357,FUR,HTH,"DNA-binding, helix-turn-helix domain",transcriptional regulator,output,YES,pfam30,"12581348"
358,GcrA,HTH,"DNA-binding, helix-turn-helix domain",transcriptional regulator,output,YES,pfam30,"15087506"
359,GerE,HTH,"DNA-binding, helix-turn-helix domain",transcriptional regulator,output,YES,pfam30,"8780507"
360,GntR,HTH,"DNA-binding, helix-turn-helix domain",transcriptional regulator,output,YES,pfam30,"11013219,11756427"
361,HrcA_DNA-bdg,HTH,"DNA-binding, helix-turn-helix domain",transcriptional regulator,output,YES,pfam30,""
362,HSF_DNA-bind,HTH,"DNA-binding, helix-turn-helix domain",transcriptional regulator,output,NO,pfam30,""
363,HTH_1,HTH,"DNA-binding, helix-turn-helix domain",transcriptional regulator,output,YES,pfam30,"10075916"
364,HTH_10,HTH,"DNA-binding, helix-turn-helix domain",transcriptional regulator,output,YES,pfam30,""
365,HTH_11,HTH,"DNA-binding, helix-turn-helix domain",transcriptional regulator,output,YES,pfam30,"11353844"
366,HTH_12,HTH,"DNA-binding, helix-turn-helix domain",transcriptional regulator,output,YES,pfam30,""
367,HTH_13,HTH,"DNA-binding, helix-turn-helix domain",transcriptional regulator,output,YES,pfam30,""
368,HTH_15,HTH,"DNA-binding, helix-turn-helix domain",transcriptional regulator,output,YES,pfam30,"19004822"
369,HTH_17,HTH,"DNA-binding, helix-turn-helix domain",transcriptional regulator,output,YES,pfam30,""
370,HTH_18,HTH,"DNA-binding, helix-turn-helix domain",transcriptional regulator,output,YES,pfam30,"10802742"
371,HTH_19,HTH,"DNA-binding, helix-turn-helix domain",transcriptional regulator,output,YES,pfam30,"21440553"
372,HTH_20,HTH,"DNA-binding, helix-turn-helix domain",transcriptional regulator,output,YES,pfam30,"21632538"
373,HTH_21,HTH,"DNA-binding, helix-turn-helix domain",integrase,,NO,pfam30,""
374,HTH_22,HTH,"DNA-binding, helix-turn-helix domain",transcriptional regulator,output,YES,pfam30,""
375,HTH_23,HTH,"DNA-binding, helix-turn-helix domain",transcriptional regulator,output,NO,pfam30,""
376,HTH_24,HTH,"DNA-binding, helix-turn-helix domain",transcriptional regulator,output,YES,pfam30,"16528101"
377,HTH_25,HTH,"DNA-binding, helix-turn-helix domain",transcriptional regulator,output,NO,pfam30,""
378,HTH_26,HTH,"DNA-binding, helix-turn-helix domain",transcriptional regulator,output,YES,pfam30,""
379,HTH_27,HTH,"DNA-binding, helix-turn-helix domain",transcriptional regulator,output,YES,pfam30,"23396446"
380,HTH_28,HTH,"DNA-binding, helix-turn-helix domain, transposase",transcriptional regulator,output,NO,pfam30,""
381,HTH_29,HTH,"DNA-binding, helix-turn-helix domain, transposase",transcriptional regulator,output,NO,pfam30,""
382,HTH_3,HTH,"DNA-binding, helix-turn-helix domain",transcriptional regulator,output,YES,pfam30,"25847993"
383,HTH_30,HTH,"DNA-binding, helix-turn-helix domain",transcriptional regulator,output,YES,pfam30,""
384,HTH_31,HTH,"DNA-binding, helix-turn-helix domain",transcriptional regulator,output,YES,pfam30,"27907154"
385,HTH_32,HTH,"DNA-binding, helix-turn-helix domain, transposase",transcriptional regulator,output,NO,pfam30,""
386,HTH_33,HTH,"DNA-binding, helix-turn-helix domain, transposase",transcriptional regulator,output,NO,pfam30,""
387,HTH_34,HTH,"DNA-binding, helix-turn-helix domain",transcriptional regulator,output,YES,pfam30,"16506234"
388,HTH_35,HTH,"DNA-binding, helix-turn-helix domain",transcriptional regulator,output,YES,pfam30,"8590003"
389,HTH_36,HTH,"DNA-binding, helix-turn-helix domain",unknown,,NO,pfam30,""
390,HTH_37,HTH,"DNA-binding, helix-turn-helix domain",unknown,,NO,pfam30,""
391,HTH_38,HTH,"DNA-binding, helix-turn-helix domain, transposase",transcriptional regulator,output,NO,pfam30,""
392,HTH_39,HTH,"DNA-binding, helix-turn-helix domain",unknown,,NO,pfam30,""
393,HTH_40,HTH,"DNA-binding, helix-turn-helix domain, helicase",unknown,,NO,pfam30,""
394,HTH_41,HTH,"DNA-binding, helix-turn-helix domain",transcriptional regulator,output,NO,pfam30,""
395,HTH_43,HTH,"DNA-binding, helix-turn-helix domain",transcriptional regulator,output,YES,pfam30,""
396,HTH_45,HTH,"DNA-binding, helix-turn-helix domain",transcriptional regulator,output,YES,pfam30,"15312764"
397,HTH_46,HTH,"DNA-binding, helix-turn-helix domain",unknown,,NO,pfam30,""
398,HTH_47,HTH,"DNA-binding, helix-turn-helix domain",unknown,,NO,pfam30,""
399,HTH_5,HTH,"DNA-binding, helix-turn-helix domain",transcriptional regulator,output,YES,pfam30,"19286656"
400,HTH_6,HTH,"DNA-binding, helix-turn-helix domain",transcriptional regulator,output,YES,pfam30,"23832782"
401,HTH_7,HTH,"DNA-binding, helix-turn-helix domain, transposon resolvase",unknown,,NO,pfam30,""
402,HTH_8,HTH,"DNA-binding, helix-turn-helix domain",transcriptional regulator,output,YES,pfam30,"16005641"
403,HTH_AraC,HTH,"DNA-binding, helix-turn-helix domain",transcriptional regulator,output,YES,pfam30,"23241389"
404,HTH_AsnC-type,HTH,"DNA-binding, helix-turn-helix domain",transcriptional regulator,output,YES,pfam30,"17962306"
405,HTH_CodY,HTH,"DNA-binding, helix-turn-helix domain",transcriptional regulator,output,YES,pfam30,"16488888"
406,HTH_Crp_2,HTH,"DNA-binding, helix-turn-helix domain",transcriptional regulator,output,YES,pfam30,"19740754"
407,HTH_DeoR,HTH,"DNA-binding, helix-turn-helix domain",transcriptional regulator,output,YES,pfam30,""
408,HTH_IclR,HTH,"DNA-binding, helix-turn-helix domain",transcriptional regulator,output,YES,pfam30,"11877432"
409,HTH_Mga,HTH,"DNA-binding, helix-turn-helix domain",transcriptional regulator,output,YES,pfam30,""
410,HTH_WhiA,HTH,"DNA-binding, helix-turn-helix domain",transcriptional regulator,output,YES,pfam30,"19836336"
411,HxlR,HTH,"DNA-binding, helix-turn-helix domain",transcriptional regulator,output,YES,pfam30,"23479646"
412,KORA,HTH,"DNA-binding, helix-turn-helix domain",transcriptional regulator,output,YES,pfam30,"27016739"
413,KorB,HTH,"DNA-binding, helix-turn-helix domain",transcriptional regulator,output,YES,pfam30,"15170177"
414,LacI,HTH,"DNA-binding, helix-turn-helix domain",transcriptional regulator,output,YES,pfam30,"15369672"
415,LexA_DNA_bind,HTH,"DNA-binding, helix-turn-helix domain",transcriptional regulator,output,YES,pfam30,"8076591"
416,MarR,HTH,"DNA-binding, helix-turn-helix domain",transcriptional regulator,output,YES,pfam30,"11473263"
417,MarR_2,HTH,"DNA-binding, helix-turn-helix domain",transcriptional regulator,output,YES,pfam30,"24531929"
418,MerR,HTH,"DNA-binding, helix-turn-helix domain",transcriptional regulator,output,YES,pfam30,"11201751"
419,MerR-DNA-bind,HTH,"DNA-binding, helix-turn-helix domain",transcriptional regulator,output,YES,pfam30,"12958362"
420,MerR_1,HTH,"DNA-binding, helix-turn-helix domain",transcriptional regulator,output,YES,pfam30,"25691471"
421,MerR_2,HTH,"DNA-binding, helix-turn-helix domain",transcriptional regulator,output,YES,pfam30,"24945826"
422,Mga,HTH,"DNA-binding, helix-turn-helix domain",transcriptional regulator,output,YES,pfam30,"25402841"
423,Mor,HTH,"DNA-binding, helix-turn-helix domain",transcriptional regulator,output,YES,pfam30,"14729670"
424,PaaX,HTH,"DNA-binding, helix-turn-helix domain",transcriptional regulator,output,YES,pfam30,""
425,PadR,HTH,"DNA-binding, helix-turn-helix domain",transcriptional regulator,output,YES,pfam30,"15647287"
426,Pencillinase_R,HTH,"DNA-binding, helix-turn-helix domain",transcriptional regulator,output,YES,pfam30,"14568532"
427,Phage_CI_repr,HTH,"DNA-binding, helix-turn-helix domain",transcriptional regulator,output,YES,pfam30,"16507359"
428,PuR_N,HTH,"DNA-binding, helix-turn-helix domain",transcriptional regulator,output,YES,pfam30,"12837783"
429,Put_DNA-bind_N,HTH,"DNA-binding, helix-turn-helix domain",transcriptional regulator,output,YES,pfam30,"25463021"
430,RepL,HTH,"DNA-binding, helix-turn-helix domain",transcriptional regulator,output,NO,pfam30,""
431,Rrf2,HTH,"DNA-binding, helix-turn-helix domain",transcriptional regulator,output,YES,pfam30,"22553203"
432,SgrR_N,HTH,"DNA-binding, helix-turn-helix domain",transcriptional regulator,output,YES,pfam30,"17209026"
433,Sigma70_r2,HTH,"DNA-binding, helix-turn-helix domain",transcriptional regulator,output,YES,pfam30,"11931761"
434,Sigma70_r3,HTH,"DNA-binding, helix-turn-helix domain",transcriptional regulator,output,YES,pfam30,""
435,Sigma70_r4,HTH,"DNA-binding, helix-turn-helix domain",transcriptional regulator,output,YES,pfam30,""
436,Sigma70_r4_2,HTH,"DNA-binding, helix-turn-helix domain",transcriptional regulator,output,YES,pfam30,""
437,TetR_N,HTH,"DNA-binding, helix-turn-helix domain",transcriptional regulator,output,YES,pfam30,"23800819"
438,Trans_reg_C,HTH,"DNA-binding, helix-turn-helix domain",transcriptional regulator,output,YES,pfam30,"24526190"
439,TrmB,HTH,"DNA-binding, helix-turn-helix domain",transcriptional regulator,output,YES,pfam30,"17720190"
440,Trp_repressor,HTH,"DNA-binding, helix-turn-helix domain",transcriptional regulator,output,YES,pfam30,"3419502"
441,UPF0122,HTH,"DNA-binding, helix-turn-helix domain",transcriptional regulator,output,YES,pfam30,"15213388"
442,Vir_act_alpha_C,HTH,"DNA-binding, helix-turn-helix domain",transcriptional regulator,output,YES,pfam30,""
443,ArsD,Thioredoxin,DNA-binding,transcriptional regulator,output,YES,pfam30,"11980902"
444,ComK,No clan,DNA-binding,transcriptional regulator,output,YES,pfam30,"12761164"
445,CtsR,No clan,DNA-binding,transcriptional regulator,output,YES,pfam30,"19498169"
446,LytTR,No clan,DNA-binding,transcriptional regulator,output,YES,pfam30,"12034833,23181972"
447,ROS_MUCR,No clan,DNA-binding,transcriptional regulator,output,YES,pfam30,"17956987"
448,EAL,No clan,diguanylate phosphodiesterase,c-di-GMP regulator,output,YES,pfam30,"11557134,19536266"
449,GGDEF,Nucleot_cyclase,diguanylate cyclase,c-di-GMP regulator,output,YES,pfam30,"15075296,22843345"
450,HD,HD_PDEase,hydrolase,broad hydrolase activities,output,NO,pfam30,""
451,HDOD,HD_PDEase,hydrolase,c-di-GMP regulator,output,NO,pfam30,"16287129"
452,HD_4,HD_PDEase,hydrolase,broad hydrolase activities,output,NO,pfam30,""
453,HD_5,HD_PDEase,hydrolase,broad hydrolase activities,output,YES,pfam30,"9868367,25691523"
454,Guanylate_cyc,Nucleot_cyclase,adenylate and guanylate cyclase,AMP/GMP regulator,output,YES,pfam30,"15678099,22226839"
455,RseA_N,No clan,Sigma-E binding domain,Regulator,output,YES,pfam30,"12718891"
456,SpoIIE,PP2C,protein phosphatase ,Regulator,output,YES,pfam30,"28527238"
457,Pkinase,Pkinase,serine/threonine protein kinase,Regulator,output,YES,pfam30,"16244704"
458,Pkinase_Tyr,Pkinase ,tyrosine kinase,Regulator,output,YES,pfam30,""
459,ANTAR,No clan,RNA-binding domain,anti-transcription regulator,output,YES,pfam30,"11796212,22690729"
460,CsrA,No clan,RNA-binding domain,transcriptional regulator,output,YES,pfam30,"23980177"
461,Cat_RBD,No clan,RNA-binding domain,anti-transcription regulator,output,YES,pfam30,"22750856"
462,YcgR,No clan,"protein-protein interaction domain, flagellar-specific",regulator,output,YES,pfam30,"20346719"
463,KaiB,Thioredoxin,putative protein-protein interaction domain,unknown,,YES,pfam30,"15716274"
464,Resolvase,No clan,unknown,unknown,,NO,pfam30,""
465,DUF835,No clan,"unknown, archael-specific",unknown,,NO,pfam30,",,"